{
  "inputs_base": {
    "unit_source": "ft",
    "per_pixel": 0.02,
    "wall_height_unit": "ft",
    "wall_height_value": 10.0,
    "ext_thickness_mm": 230.0,
    "int_thickness_mm": 115.0,
    "brick_size_mm": "190x90x90",
    "mortar_ratio": "1:6",
    "mortar_dry_factor": 1.33,
    "plaster_thk_mm": 12.0,
    "plaster_ratio": "1:4",
    "plaster_int_sides": 2,
    "plaster_ext_sides": 1,
    "wastage": 0.07
  },
  "derived_base": {
    "sum_exterior_m": 0.0,
    "sum_interior_m": 100.6696488,
    "vol_brickwork_m3": 35.286725297376
  },
  "brickwork_base": {
    "bricks_nominal_vol_m3": 0.0020000000000000005,
    "bricks_count_without_wastage": 17643.362648688,
    "bricks_count_with_wastage": 18878.39803409616
  },
  "mortar_brickwork_base": {
    "wet_mortar_m3": 10.5860175892128,
    "dry_mortar_m3": 14.079403393653024,
    "cement_bags": 57.466952627155194,
    "sand_m3": 12.068060051702592
  },
  "plaster_base": {
    "area_m2": 613.6821790848,
    "wet_mortar_m3": 7.364186149017601,
    "dry_mortar_m3": 9.352516409252354,
    "cement_bags": 53.44295091001345,
    "sand_m3": 7.482013127401884
  },
  "paint": {
    "interior_area_m2": 306.8410895424,
    "exterior_area_m2": 0.0,
    "interior_coats": 2,
    "exterior_coats": 2,
    "coverage_m2_per_liter": 10.0,
    "interior_liters": 61.368217908480005,
    "exterior_liters": 0.0,
    "total_liters": 61.368217908480005
  },
  "steel_basic": {
    "lintel_length_m": 0.0,
    "lintel_kg_per_m": 4.0,
    "lintel_kg": 0.0,
    "sunshade_area_m2": 0.0,
    "sunshade_kg_per_m2": 12.0,
    "sunshade_kg": 0.0,
    "stair_area_m2": 0.0,
    "stair_kg_per_m2": 25.0,
    "stair_kg": 0.0,
    "total_steel_kg": 0.0
  },
  "labor": {
    "factors": {
      "brickwork_per_m3": 0.0,
      "plaster_per_m2": 0.0,
      "paint_per_m2_per_coat": 0.0
    },
    "quantities": {
      "brickwork_m3": 35.286725297376,
      "plaster_m2": 613.6821790848,
      "paint_m2_total_coats": 613.6821790848
    },
    "costs": {
      "brickwork_labor": 26465.043973032,
      "plaster_labor": 21478.876267968,
      "paint_labor": 11046.2792235264
    },
    "total_labor": 58990.1994645264
  },
  "cost_optional": {
    "bricks": 160466.38328981737,
    "cement_bags": 46582.15948561083,
    "sand_m3": 23460.087814925373,
    "plaster_per_sqm": 98189.148653568,
    "paint_material": 13501.007939865602,
    "steel_material": 0.0
  },
  "totals": {
    "materials_cost_subtotal": 342198.7871837872,
    "labor_cost_subtotal": 58990.1994645264,
    "grand_total": 401188.9866483136
  }
}